"lane removed at (1120498237, 1120498217, 0)",2017,306.3450000000001,11963.659100294113
Adress,Radius,Budget,Tabu List's Max Size
"Rua Roberto Sampaio Gonzaga, Florianópolis, Brazil",500,30000,20
Operation,Number of Nodes,Value,Time
"lane removed at (541837978, 541838255, 0)",51,73.44966666666663,0.6939644813537598
"lane removed at (4837454355, 2608953058, 0)",51,71.58766666666666,0.9486205577850342
"lane reversed at (4843821513, 876375228, 0)",51,72.07633333333334,1.2032711505889893
"lane removed at (542655556, 541838306, 0)",51,73.47366666666663,1.4227015972137451
"lane removed at (1609339393, 10580486940, 0)",51,72.31233333333333,1.6887352466583252
"lane added at (1992587306, 542607339, 0)",51,73.45533333333326,1.912118673324585
"lane added at (542396219, 542396390, 0)",51,68.12499999999996,2.3734171390533447
"lane removed at (541838707, 1609339393, 0)",51,69.95133333333338,2.613492965698242
"lane reversed at (2892189217, 542655556, 0)",51,75.04100000000004,2.838629961013794
"lane removed at (542607339, 1992587306, 0)",51,74.82166666666666,3.2676196098327637
"lane removed at (542607588, 542607597, 0)",51,76.08466666666668,3.496650457382202
"lane reversed at (2608953058, 542607588, 0)",51,73.80833333333335,3.718721628189087
"lane removed at (4837454355, 2608953058, 0)",51,70.42166666666667,3.9420313835144043
"lane removed at (542655556, 2892189217, 0)",51,72.3246666666667,4.163098335266113
"lane reversed at (8841353743, 541838109, 0)",51,62.73866666666664,4.393721342086792
"lane reversed at (542607588, 1992587306, 0)",51,54.26366666666668,4.829688549041748
"lane added at (541838109, 8841353743, 0)",51,51.408333333333324,5.100457429885864
"lane reversed at (3603873259, 542538468, 0)",51,42.45766666666666,5.3270580768585205
"lane added at (4843821514, 4843821515, 0)",51,42.355000000000004,6.000974178314209
"lane removed at (4843821514, 4843821515, 0)",51,42.23433333333331,6.22721266746521
"lane removed at (7571747348, 1424636458, 0)",51,42.28933333333337,6.452952861785889
"lane reversed at (542080261, 541838077, 0)",51,41.95233333333332,6.698590278625488
"lane added at (541838315, 541838333, 0)",51,39.61500000000001,7.189460039138794
"lane removed at (4843821515, 4843821514, 0)",51,40.41233333333336,7.433255195617676
"lane removed at (4843821513, 4843821512, 0)",51,42.755333333333326,7.670931100845337
"lane added at (542396533, 542396848, 0)",51,40.816999999999986,7.901564359664917
"lane reversed at (542396219, 542396848, 0)",51,40.32099999999999,8.126060009002686
"lane removed at (876375228, 4843821513, 0)",51,39.92900000000002,8.56078052520752
"lane removed at (542396848, 542396219, 0)",51,39.220333333333365,8.794988632202148
"lane reversed at (542080382, 542396848, 0)",51,34.27566666666668,9.034127712249756
"lane added at (541838389, 542655556, 0)",51,33.49266666666669,9.268550157546997
"lane reversed at (542396219, 542396848, 0)",51,31.685666666666652,9.521198034286499
"lane reversed at (541838255, 541838389, 0)",51,30.999666666666666,9.78870677947998
"lane reversed at (541838306, 541838315, 0)",51,31.868333333333364,10.061294078826904
"lane removed at (542396848, 542080382, 0)",51,30.13900000000002,10.354770421981812
"lane reversed at (876375198, 2608953058, 0)",51,31.509999999999994,10.632340908050537
"lane reversed at (2608953058, 542607588, 0)",51,31.64833333333331,10.906235456466675
"lane removed at (1992587306, 5902767415, 0)",51,31.114999999999988,11.437912464141846
"lane reversed at (1609339393, 10580486940, 1)",51,32.12233333333335,11.726598501205444
"lane reversed at (542607597, 876375228, 0)",51,28.81866666666668,12.25829291343689
"lane reversed at (542607588, 542607597, 0)",51,23.861000000000008,12.840447902679443
"lane reversed at (4843821514, 4843821515, 0)",51,23.94700000000001,13.194129467010498
"lane removed at (1992587306, 542607588, 0)",51,24.455333333333343,13.550205707550049
"lane added at (442141765, 3127559240, 0)",2017,299.7053333333334,1895.0732367038727
"lane added at (4843821516, 4843821515, 0)",51,24.040000000000017,14.25986909866333
"lane reversed at (2892189217, 542655556, 0)",51,24.312000000000012,14.63426923751831
"lane reversed at (542080382, 542080261, 0)",51,23.15833333333332,15.018491744995117
"lane reversed at (541838389, 541838306, 0)",51,23.316000000000003,15.415505409240723
"lane removed at (2608953058, 542607588, 0)",51,23.331666666666667,16.144310235977173
"lane reversed at (6429267998, 542395697, 0)",51,24.083,17.54460048675537
"lane reversed at (541838389, 542655556, 0)",51,24.177999999999987,17.927055835723877
"lane reversed at (542607339, 1992587306, 0)",51,23.45366666666666,18.309127807617188
"lane added at (541838109, 541838255, 0)",51,25.086,18.69893741607666
"lane reversed at (541837978, 541838634, 0)",51,21.571333333333335,19.379322052001953
"lane reversed at (542396533, 542396848, 0)",51,18.97333333333334,19.830933332443237
"lane reversed at (542395697, 542396533, 0)",51,19.728000000000005,20.875629901885986
"lane added at (1609339393, 10580486940, 1)",51,20.796000000000006,21.22670316696167
"lane removed at (541838338, 542607339, 0)",51,20.58566666666666,21.923766613006592
"lane added at (4843821515, 4843821516, 0)",51,20.216666666666683,22.306986570358276
"lane reversed at (542538468, 4175137733, 0)",51,17.83299999999999,22.672452926635742
"lane added at (541838351, 541838356, 0)",51,18.561333333333344,23.04373598098755
"lane added at (541838306, 541838315, 0)",51,18.307666666666673,23.42142677307129
"lane removed at (541838356, 8841353743, 0)",51,18.504333333333335,23.791276454925537
"lane removed at (5902767415, 1992587306, 0)",51,18.10666666666669,24.169960975646973
"lane added at (541838634, 541837978, 0)",51,18.981000000000005,24.51958727836609
"lane added at (541838109, 8841353743, 0)",51,22.251666666666665,26.1292667388916
"lane removed at (865711234, 5902767415, 0)",51,21.938666666666688,26.461927890777588
"lane reversed at (541838389, 541838306, 0)",51,22.190666666666683,26.795222520828247
"lane added at (541838356, 541838077, 0)",51,21.624333333333347,27.13398003578186
"lane reversed at (542607597, 876375228, 0)",51,21.149666666666675,27.469181060791016
"lane added at (542607339, 1992587306, 0)",51,22.13566666666668,27.79109215736389
"lane reversed at (6429267998, 542395697, 0)",51,22.462,28.147786617279053
"lane reversed at (7571747348, 1424636458, 0)",51,20.20033333333335,28.479785680770874
"lane removed at (541838351, 541838356, 0)",51,21.80866666666668,28.8458411693573
"lane reversed at (1424636458, 542607597, 0)",51,22.67033333333333,29.790059328079224
"lane reversed at (865711234, 541838333, 0)",51,22.744000000000007,30.142727851867676
"lane removed at (542607339, 541838351, 0)",51,24.086999999999996,30.485507011413574
"lane reversed at (542538468, 4175137733, 0)",51,23.566333333333343,31.1299250125885
"lane reversed at (541838707, 1609339393, 0)",51,21.60033333333334,32.00712275505066
"lane reversed at (542080261, 541838077, 0)",51,23.270666666666664,32.30907893180847
"lane added at (876375228, 4843821513, 0)",51,23.02266666666667,32.60953187942505
"lane removed at (541838389, 541838306, 0)",51,23.732333333333344,32.908039808273315
"lane reversed at (542538468, 4175137733, 0)",51,22.200333333333333,33.20181751251221
"lane removed at (1609339393, 10580486940, 1)",51,23.590000000000014,33.50085639953613
"lane reversed at (541838109, 541837978, 0)",51,23.939666666666678,33.81472897529602
"lane added at (541838109, 8841353743, 0)",51,23.964000000000002,34.10710692405701
"lane reversed at (542396390, 3603873259, 0)",51,24.303000000000004,34.41611957550049
"lane added at (876375198, 876375228, 0)",51,22.88866666666667,34.726149559020996
"lane removed at (542538468, 3603873259, 0)",51,21.575666666666688,35.037731409072876
"lane reversed at (542396390, 3603873259, 0)",51,23.103666666666673,35.34313344955444
"lane removed at (542607339, 541838351, 0)",51,23.050666666666668,35.66075015068054
"lane reversed at (542396848, 542080382, 0)",51,21.93800000000002,35.9792799949646
"lane removed at (541838338, 541838351, 0)",51,22.291333333333338,36.29399490356445
"lane removed at (6426946701, 542395697, 0)",51,22.152333333333353,36.610769510269165
"lane reversed at (5902767415, 865711234, 0)",51,22.518000000000008,36.92492341995239
"lane reversed at (542396533, 6426946701, 0)",51,23.593333333333334,37.848379373550415
"lane reversed at (876375198, 2608953058, 0)",51,23.64266666666668,38.1569926738739
"lane added at (542607339, 541838351, 0)",51,22.74566666666666,38.77665424346924
"lane reversed at (542538468, 4175137733, 0)",51,24.294666666666675,39.36450433731079
"lane added at (4843821515, 4843821516, 0)",51,27.67066666666667,39.64920616149902
"lane removed at (7571747349, 7571747348, 0)",51,25.938333333333357,40.19476890563965
"lane reversed at (541838077, 8841353743, 0)",51,26.000666666666667,40.48256802558899
"lane reversed at (541838333, 541838338, 0)",51,25.356000000000005,41.339563846588135
"lane reversed at (542538468, 4175137733, 0)",51,24.619000000000007,41.62310743331909
Status,Ending Time
None,41.64955735206604
Adress,Radius,Budget,Tabu List's Max Size
"Rua Roberto Sampaio Gonzaga, Florianópolis, Brazil",500,30000,40
Operation,Number of Nodes,Value,Time
"lane added at (542607588, 2608953058, 0)",51,72.5096666666666,0.46660900115966797
"lane removed at (876375198, 876375228, 0)",51,76.53533333333338,0.7022929191589355
"lane added at (4837454355, 2608953058, 0)",51,74.95900000000007,0.9361400604248047
"lane reversed at (542396848, 542080382, 0)",51,63.63566666666666,1.1600124835968018
"lane added at (542080382, 542396848, 0)",51,61.87099999999996,1.3957879543304443
"lane removed at (541838315, 541838333, 0)",51,60.803666666666665,1.8497655391693115
"lane added at (541838356, 8841353743, 0)",51,58.24066666666665,2.081881523132324
"lane reversed at (876375228, 542607597, 0)",51,54.71733333333336,2.3112032413482666
"lane added at (7571747349, 7571747348, 0)",51,59.00566666666669,2.757115602493286
"lane added at (541838389, 542655556, 0)",51,58.92399999999994,3.414674758911133
"lane added at (7571747348, 4843821515, 0)",51,59.23966666666669,3.645794153213501
"lane reversed at (9042120352, 10608526941, 0)",51,56.21533333333329,3.8720016479492188
"lane reversed at (542607597, 1424636458, 0)",51,56.30133333333335,4.140340805053711
"lane added at (542080382, 542080261, 0)",51,53.55200000000001,4.367865800857544
"lane added at (1424636458, 7571747348, 0)",51,56.23833333333336,4.830824851989746
"lane removed at (4843821512, 4843821513, 0)",51,54.17966666666665,5.0900328159332275
"lane added at (541838389, 541838306, 0)",51,56.218666666666664,5.532794713973999
"lane reversed at (541838351, 541838356, 0)",51,43.124666666666656,5.78549599647522
"lane removed at (865711234, 5902767415, 0)",51,40.70066666666668,6.0244460105896
"lane removed at (1424636458, 542607597, 0)",51,39.84033333333335,6.257169246673584
"lane removed at (6429267998, 542395697, 0)",51,40.47766666666668,6.502333879470825
"lane added at (542396219, 542396390, 0)",51,39.85133333333337,6.734700441360474
"lane removed at (5902767415, 1992587306, 0)",51,39.65366666666668,6.979907274246216
"lane removed at (10608526941, 9042120352, 0)",51,40.51466666666659,7.439939260482788
"lane reversed at (10580486940, 10608526941, 0)",51,36.697333333333376,7.899263143539429
"lane added at (3603873259, 542396390, 0)",51,37.736333333333334,8.566852331161499
"lane reversed at (3603873259, 542538468, 0)",51,36.075666666666656,9.228815078735352
"lane reversed at (1992587306, 542607588, 0)",51,30.22233333333335,10.337879657745361
"lane reversed at (542396390, 542396219, 0)",51,28.704999999999988,10.612250328063965
"lane added at (541838315, 865711234, 0)",51,28.627666666666663,10.895054817199707
"lane reversed at (541838109, 541837978, 0)",51,28.675666666666668,11.44570255279541
"lane added at (542396533, 6426946701, 0)",51,26.951666666666682,11.72397255897522
"lane reversed at (541838634, 541837978, 0)",51,27.861666666666668,12.25186038017273
"lane reversed at (4843821513, 876375228, 0)",51,26.42733333333334,12.52319622039795
"lane reversed at (8841353743, 541838109, 0)",51,25.81533333333333,12.795654296875
"lane added at (865711234, 5902767415, 0)",51,26.113000000000007,13.068227291107178
"lane added at (10608526941, 3603873259, 0)",51,26.941999999999997,13.60437273979187
"lane added at (541838255, 541838389, 0)",51,27.46366666666667,14.15005087852478
"lane removed at (542080382, 542396848, 0)",51,27.55066666666665,14.441489934921265
"lane removed at (10608526941, 542538468, 0)",51,26.85333333333335,14.718897104263306
"lane reversed at (5902767415, 1992587306, 0)",51,26.143,14.998329639434814
"lane added at (876375198, 2608953058, 0)",51,21.83033333333333,15.294893026351929
"lane added at (541838077, 8841353743, 0)",51,21.32533333333335,15.597518920898438
"lane reversed at (2608953058, 876375198, 0)",51,20.517000000000003,15.893410921096802
"lane added at (2892189217, 542655556, 0)",51,21.690999999999992,16.190951108932495
"lane removed at (4843821513, 876375228, 0)",51,22.45733333333333,16.49018621444702
"lane removed at (542396533, 6426946701, 0)",51,21.63733333333333,16.793029069900513
"lane reversed at (542607339, 541838351, 0)",51,22.01766666666668,18.498234272003174
"lane reversed at (4843821515, 4843821514, 0)",51,20.982333333333344,18.803004264831543
"lane added at (2892189217, 542655556, 0)",51,20.458666666666677,19.38966393470764
"lane reversed at (4843821512, 4843821513, 0)",51,21.000666666666667,19.71060609817505
"lane added at (541837978, 541838255, 0)",51,20.869666666666667,20.340496301651
"lane removed at (541838634, 541837978, 0)",51,21.745000000000015,20.678652048110962
"lane added at (876375198, 876375228, 0)",51,21.42966666666667,21.27874207496643
"lane reversed at (4843821513, 876375228, 0)",51,21.028000000000002,21.593415021896362
"lane reversed at (542396848, 542396219, 0)",51,20.79433333333333,21.899770975112915
"lane reversed at (541838389, 542655556, 0)",51,20.509,22.22313666343689
"lane added at (541838338, 542607339, 0)",51,20.94033333333333,22.530616521835327
"lane reversed at (1424636458, 7571747348, 0)",51,20.906999999999996,23.183159351348877
"lane reversed at (541838255, 541838389, 0)",51,17.57666666666667,23.547651290893555
"lane added at (542396390, 3603873259, 0)",51,19.193333333333328,23.875545501708984
"lane reversed at (541838109, 541838255, 0)",51,18.99866666666666,24.218129873275757
"lane removed at (542607597, 542607588, 0)",51,19.41,25.140165328979492
"lane reversed at (1609339393, 10580486940, 1)",51,18.358999999999998,25.47445297241211
"lane reversed at (542080261, 542080382, 0)",51,16.30366666666666,26.116932153701782
"lane reversed at (541838109, 541838255, 0)",51,14.607333333333338,26.636127948760986
"lane removed at (542607588, 1992587306, 0)",51,16.06933333333333,27.002076864242554
"lane removed at (541838389, 541838306, 0)",51,16.945333333333334,27.680681705474854
"lane added at (541838338, 542607339, 0)",51,17.207000000000008,28.04025650024414
"lane reversed at (541838356, 541838077, 0)",51,16.26566666666666,28.72718620300293
"lane added at (5902767415, 1992587306, 0)",51,16.606666666666666,29.116122484207153
"lane reversed at (542080382, 542396848, 0)",51,15.621333333333325,29.521116733551025
"lane added at (541838356, 8841353743, 0)",51,16.57166666666667,29.86752438545227
"lane added at (542607588, 542607597, 0)",51,16.627000000000002,30.55133318901062
"lane removed at (10608526941, 3603873259, 0)",51,16.340666666666664,30.91509222984314
"lane added at (541838356, 541838351, 0)",51,17.666000000000007,31.566731214523315
"lane removed at (4843821515, 7571747348, 0)",51,17.663666666666664,31.912548303604126
"lane removed at (876375198, 876375228, 0)",51,17.992666666666686,32.853480100631714
"lane added at (542655556, 541838306, 0)",51,19.65633333333334,33.22463417053223
"lane reversed at (2608953058, 876375198, 0)",51,18.977666666666675,33.548396587371826
"lane reversed at (542655556, 2892189217, 0)",51,18.987999999999992,33.88343119621277
"lane reversed at (1609339393, 10580486940, 0)",51,19.726333333333333,34.495078563690186
"lane removed at (542396390, 3603873259, 0)",51,31.935666666666677,35.044843673706055
"lane reversed at (10608526941, 3603873259, 0)",51,31.92333333333334,35.31430125236511
"lane reversed at (5902767415, 865711234, 0)",51,32.41200000000002,35.57672309875488
"lane reversed at (541838077, 542080261, 0)",51,32.10266666666668,36.330225467681885
"lane added at (1609339393, 10580486940, 1)",51,30.615000000000013,36.596047163009644
"lane added at (541838315, 865711234, 0)",51,32.48866666666668,36.86553335189819
"lane added at (10608526941, 3603873259, 0)",51,30.74766666666668,37.157397747039795
"lane added at (876375198, 876375228, 0)",51,31.063333333333322,37.420506715774536
"lane reversed at (7571747348, 7571747349, 0)",51,30.62533333333335,37.69076633453369
"lane removed at (541838634, 541837978, 0)",51,31.50600000000001,37.96487879753113
"lane reversed at (4843821512, 4843821513, 0)",51,32.787000000000006,38.23360538482666
"lane removed at (7571747348, 7571747349, 0)",51,30.998666666666686,38.50854969024658
"lane reversed at (542607339, 541838351, 0)",51,30.336999999999982,38.77530312538147
"lane added at (542607597, 542607588, 0)",51,31.262666666666682,39.043814182281494
"lane reversed at (541838255, 541838389, 0)",51,28.504666666666658,39.327189207077026
"lane reversed at (6426946701, 6429267998, 0)",51,30.551333333333343,39.60654878616333
"lane removed at (541838389, 542655556, 0)",51,31.660666666666668,39.879372358322144
"lane removed at (541838356, 541838351, 0)",51,31.58800000000002,40.15156030654907
"lane reversed at (541837978, 541838255, 0)",51,29.289666666666683,40.4211220741272
Status,Ending Time
None,40.690008878707886
Adress,Radius,Budget,Tabu List's Max Size
"Rua Roberto Sampaio Gonzaga, Florianópolis, Brazil",500,30000,80
Operation,Number of Nodes,Value,Time
"lane reversed at (10608526941, 542538468, 0)",51,73.66566666666668,0.4765512943267822
"lane reversed at (7571747348, 7571747349, 0)",51,70.08233333333334,0.9592099189758301
"lane reversed at (542080382, 542080261, 0)",51,60.581333333333305,1.192944049835205
"lane reversed at (542607597, 876375228, 0)",51,59.03,1.42225980758667
"lane reversed at (1424636458, 542607597, 0)",51,56.57133333333338,1.6532292366027832
"lane removed at (541838356, 541838077, 0)",51,50.97433333333332,1.8820154666900635
"lane removed at (541838109, 541838255, 0)",51,53.64500000000004,2.3259665966033936
"lane removed at (4843821513, 4843821512, 0)",51,51.58466666666668,2.767425298690796
"lane added at (5902767415, 865711234, 0)",51,52.807666666666655,3.006221055984497
"lane removed at (542607597, 1424636458, 0)",51,52.683000000000014,3.452777147293091
"lane removed at (542607339, 541838351, 0)",51,49.86233333333333,3.8912744522094727
"lane reversed at (541838356, 8841353743, 0)",51,52.411333333333346,4.126445055007935
"lane reversed at (4843821514, 4843821515, 0)",51,51.99166666666666,4.3650383949279785
"lane removed at (542080382, 542396848, 0)",51,54.38433333333334,4.605468273162842
"lane reversed at (876375198, 876375228, 0)",51,53.87866666666669,4.841428518295288
"lane removed at (1992587306, 5902767415, 0)",51,53.952999999999996,5.286485910415649
"lane added at (541838315, 541838333, 0)",51,54.95833333333334,5.516226530075073
"lane added at (541838255, 541838389, 0)",51,53.785333333333305,5.950823783874512
"lane reversed at (4175137733, 10580484194, 0)",51,51.83633333333333,6.188917398452759
"lane added at (4843821516, 4843821515, 0)",51,49.434333333333335,6.4162657260894775
"lane added at (876375228, 4843821513, 0)",51,48.334333333333326,6.660670042037964
"lane added at (542655556, 2892189217, 0)",51,48.257999999999974,6.897869825363159
"lane reversed at (541837978, 541838634, 0)",51,45.08066666666664,7.125935792922974
"lane added at (541838338, 541838351, 0)",51,46.72666666666663,7.346768140792847
"lane reversed at (3603873259, 542538468, 0)",51,44.57033333333334,7.572164297103882
"lane removed at (542607339, 1992587306, 0)",51,45.57733333333335,7.794338226318359
"lane reversed at (542395697, 542396533, 0)",51,42.45466666666666,8.019054651260376
"lane removed at (541838109, 541837978, 0)",51,43.24733333333336,8.24356985092163
"lane removed at (542080261, 542080382, 0)",51,44.02799999999994,8.467688083648682
"lane added at (7571747349, 7571747348, 0)",51,45.259999999999984,8.692040205001831
"lane added at (541838389, 541838306, 0)",51,44.33900000000003,8.919903993606567
"lane reversed at (1992587306, 542607588, 0)",51,42.81666666666667,9.14674711227417
"lane removed at (7571747348, 4843821515, 0)",51,40.37266666666665,9.632949113845825
"lane removed at (1992587306, 542607339, 0)",51,41.28433333333334,9.876842260360718
"lane removed at (541838333, 541838338, 0)",51,41.068666666666665,10.124863862991333
"lane removed at (541838389, 541838306, 0)",51,41.525000000000006,10.376206159591675
"lane added at (541838707, 1609339393, 0)",51,42.23500000000001,10.85980224609375
"lane reversed at (542396848, 542396219, 0)",51,38.30466666666666,11.356820583343506
"lane reversed at (542396848, 542396533, 0)",51,30.484333333333332,11.603163719177246
"lane removed at (5902767415, 865711234, 0)",51,29.048000000000005,12.092607736587524
"lane reversed at (3603873259, 542396390, 0)",51,26.361333333333338,12.344173908233643
"lane reversed at (542607597, 542607588, 0)",51,24.05166666666668,12.597219228744507
"lane reversed at (541838707, 1609339393, 0)",51,24.536666666666672,12.85708475112915
"lane added at (542080261, 542080382, 0)",51,24.424666666666692,13.117875576019287
"lane removed at (542655556, 541838306, 0)",51,25.712000000000014,13.415457010269165
"lane removed at (541838389, 541838306, 0)",51,24.515333333333338,13.949081659317017
"lane added at (541838338, 541838351, 0)",51,24.08800000000001,14.236810207366943
"lane reversed at (541838077, 8841353743, 0)",51,23.05833333333334,14.511541604995728
"lane removed at (541838315, 865711234, 0)",51,24.435000000000006,14.766749143600464
"lane added at (542396390, 542396219, 0)",51,24.862666666666687,15.033276557922363
"lane reversed at (4843821515, 7571747348, 0)",51,22.019000000000002,16.387495040893555
"lane added at (541838338, 542607339, 0)",51,23.72833333333334,16.909335613250732
"lane removed at (542538468, 4175137733, 0)",51,23.477999999999998,18.231478452682495
"lane reversed at (6426946701, 542395697, 0)",51,21.365333333333336,18.75646686553955
"lane removed at (542607339, 1992587306, 0)",51,29.082666666666665,19.262735843658447
"lane added at (865711234, 5902767415, 0)",51,28.840333333333334,19.541780710220337
"lane added at (865711234, 541838333, 0)",51,27.071,20.02714967727661
"lane removed at (541838338, 542607339, 0)",51,27.76500000000001,20.28476119041443
"lane added at (6429267998, 542395697, 0)",51,30.227666666666664,20.545711040496826
"lane reversed at (10608526941, 3603873259, 0)",51,28.88833333333333,20.809810638427734
"lane added at (542538468, 10608526941, 0)",51,29.38033333333334,21.071419715881348
"lane added at (4843821516, 4843821515, 0)",51,29.578,21.35174059867859
"lane reversed at (2892189217, 542655556, 0)",51,28.601666666666674,21.608718156814575
"lane reversed at (541838255, 541838389, 0)",51,26.21933333333336,21.899142026901245
"lane reversed at (4843821515, 4843821514, 0)",51,28.10366666666668,22.16826629638672
"lane reversed at (541838306, 541838315, 0)",51,23.252666666666673,22.444772243499756
"lane removed at (2892189217, 542655556, 0)",51,23.418000000000017,22.736743211746216
"lane removed at (2608953058, 542607588, 0)",51,22.162000000000013,23.044095993041992
"lane reversed at (542607339, 1992587306, 0)",51,21.309,23.35502552986145
"lane reversed at (542396390, 542396219, 0)",51,22.10300000000003,23.668458461761475
"lane removed at (9042120352, 10608526941, 0)",51,22.96533333333333,24.280901432037354
"lane added at (4837454355, 2608953058, 0)",51,22.974666666666682,24.989469289779663
"lane reversed at (542396390, 542396219, 0)",51,22.249000000000013,25.33628225326538
"lane reversed at (4843821513, 876375228, 0)",51,23.77266666666668,25.63746738433838
"lane added at (6426946701, 542395697, 0)",51,21.62600000000001,26.298585653305054
"lane reversed at (542607597, 876375228, 0)",51,21.676666666666673,26.62809658050537
"lane reversed at (542396533, 542395697, 0)",51,22.062333333333356,26.965309143066406
"lane added at (542080261, 542080382, 0)",51,22.684000000000008,27.269335508346558
"lane added at (542538468, 4175137733, 0)",51,21.67700000000002,27.579731702804565
"lane reversed at (542396533, 542395697, 0)",51,23.107333333333354,28.179323196411133
"lane added at (2608953058, 542607588, 0)",51,24.432666666666677,28.480887413024902
"lane removed at (4843821513, 4843821512, 0)",51,23.484333333333336,28.7850284576416
"lane added at (4843821512, 4843821513, 0)",51,24.282000000000014,29.08980894088745
"lane added at (542396533, 542395697, 0)",51,23.589333333333343,29.389130353927612
"lane reversed at (541837978, 541838255, 0)",51,23.985666666666674,29.71264147758484
"lane reversed at (541838356, 541838077, 0)",51,23.12866666666667,30.04818058013916
"lane reversed at (542607597, 1424636458, 0)",51,24.29066666666666,30.352584838867188
"lane removed at (4843821513, 876375228, 0)",51,23.97500000000002,30.65572214126587
"lane removed at (542080261, 542080382, 0)",51,24.12466666666669,30.952818155288696
"lane removed at (541837978, 541838255, 0)",51,23.34066666666667,31.26215362548828
"lane reversed at (4837454355, 2608953058, 0)",51,23.81833333333333,31.59822154045105
"lane reversed at (4843821512, 4843821513, 0)",51,23.064666666666678,31.93889284133911
"lane reversed at (6426946701, 542395697, 0)",51,24.078333333333344,32.28217148780823
"lane added at (4837454355, 2608953058, 0)",51,24.886,32.58492159843445
"lane reversed at (542607339, 1992587306, 0)",51,22.60100000000001,32.887502670288086
"lane added at (2608953058, 876375198, 0)",51,23.514000000000006,33.19516944885254
"lane removed at (542538468, 10608526941, 0)",51,24.44500000000001,33.551812410354614
"lane removed at (4843821514, 4843821515, 0)",51,23.83000000000001,33.89863467216492
"lane added at (541838338, 541838351, 0)",51,24.068333333333317,34.198503494262695
"lane reversed at (542396390, 542396219, 0)",51,22.223333333333326,34.53257083892822
"lane added at (542607339, 541838351, 0)",51,23.621333333333357,34.83894324302673
"lane added at (542607339, 541838351, 0)",51,23.776666666666678,35.45382285118103
"lane removed at (4837454355, 2608953058, 0)",51,24.46200000000001,35.76382923126221
"lane removed at (1992587306, 542607588, 0)",51,23.849333333333348,36.077107667922974
"lane reversed at (541838109, 541838255, 0)",51,24.292000000000005,36.44641089439392
"lane added at (541837978, 541838255, 0)",51,23.95533333333335,36.757636308670044
"lane reversed at (541838333, 541838338, 0)",51,23.65266666666667,37.07947278022766
"lane removed at (6429267998, 542395697, 0)",51,24.350666666666683,37.393584966659546
"lane removed at (2892189217, 542655556, 0)",51,24.505000000000027,37.705989360809326
"lane reversed at (542607597, 1424636458, 0)",51,22.771333333333335,38.04245448112488
"lane reversed at (3603873259, 542396390, 0)",51,22.33000000000001,38.34429407119751
Status,Ending Time
None,38.654908657073975
Adress,Radius,Budget,Tabu List's Max Size
"Rua Roberto Sampaio Gonzaga, Florianópolis, Brazil",500,80000,20
Operation,Number of Nodes,Value,Time
"lane reversed at (4843821513, 4843821512, 0)",51,74.63933333333331,0.47606849670410156
"lane removed at (9042120352, 10608526941, 0)",51,71.57866666666658,0.7126476764678955
"lane added at (1609339393, 10580486940, 1)",51,73.29866666666665,0.945772647857666
"lane removed at (541838109, 541838255, 0)",51,70.34500000000001,1.1720480918884277
"lane reversed at (6429267998, 542395697, 0)",51,73.42333333333335,1.403456687927246
"lane reversed at (542396390, 542396219, 0)",51,65.45366666666662,1.6319246292114258
"lane removed at (541838109, 541838255, 0)",51,58.79999999999999,1.8610179424285889
"lane added at (542396219, 542396390, 0)",51,61.36699999999995,2.0990521907806396
"lane reversed at (542655556, 541838306, 0)",51,60.59699999999997,2.336824417114258
"lane added at (542396848, 542080382, 0)",51,59.1226666666667,2.5760931968688965
"lane reversed at (4843821515, 4843821514, 0)",51,61.94133333333334,2.8234663009643555
"lane removed at (542396848, 542396219, 0)",51,64.05533333333331,3.5279157161712646
"lane reversed at (8841353743, 541838109, 0)",51,61.00766666666664,3.7703685760498047
"lane added at (7571747348, 7571747349, 0)",51,60.702666666666715,4.015778303146362
"lane reversed at (542396848, 542080382, 0)",51,61.438999999999965,4.256441354751587
"lane added at (541838255, 541838389, 0)",51,61.839999999999975,4.734636068344116
"lane reversed at (541838356, 8841353743, 0)",51,60.59866666666666,4.973312854766846
"lane reversed at (8841353743, 541838356, 0)",51,64.39666666666669,5.21348237991333
"lane reversed at (542538468, 4175137733, 0)",51,50.53933333333335,5.455579042434692
"lane added at (542607597, 876375228, 0)",51,50.166000000000004,5.688020706176758
"lane reversed at (542396390, 3603873259, 0)",51,50.378000000000014,6.130361795425415
"lane reversed at (541838389, 541838306, 0)",51,46.20399999999999,6.359797954559326
"lane reversed at (542080382, 542396848, 0)",51,35.61433333333336,6.593997478485107
"lane reversed at (9042120352, 10608526941, 0)",51,34.28466666666666,6.829409837722778
"lane added at (7571747349, 7571747348, 0)",51,36.08833333333336,7.0680906772613525
"lane added at (876375228, 542607597, 0)",51,36.90466666666666,7.312146425247192
"lane added at (541838356, 8841353743, 0)",51,33.78433333333335,7.555001497268677
"lane removed at (5902767415, 1992587306, 0)",51,35.667000000000016,7.800155401229858
"lane added at (542607339, 541838351, 0)",51,35.89033333333334,8.045171976089478
"lane reversed at (1424636458, 542607597, 0)",51,32.90199999999999,8.300076007843018
"lane reversed at (865711234, 541838333, 0)",51,29.99066666666668,8.545958757400513
"lane removed at (3603873259, 542538468, 0)",51,30.465999999999987,9.267926692962646
"lane reversed at (1609339393, 10580486940, 1)",51,28.882000000000026,9.555151462554932
"lane removed at (5902767415, 1992587306, 0)",51,28.89566666666667,10.270948648452759
"lane reversed at (1992587306, 542607588, 0)",51,26.94933333333333,10.529258728027344
"lane removed at (2608953058, 542607588, 0)",51,25.348999999999993,10.814451217651367
"lane added at (541838109, 541838255, 0)",51,26.018000000000008,11.098271369934082
"lane reversed at (541838306, 541838315, 0)",51,25.45633333333334,11.380820035934448
"lane removed at (541838634, 541837978, 0)",51,26.363333333333326,11.668752670288086
"lane reversed at (541837978, 541838255, 0)",51,26.198666666666664,12.475517272949219
"lane reversed at (542080382, 542080261, 0)",51,26.95733333333335,13.024381160736084
"lane reversed at (541838634, 541838707, 0)",51,23.462666666666678,13.317200422286987
"lane reversed at (10608526941, 542538468, 0)",51,22.965999999999998,13.61949110031128
"lane added at (541838333, 865711234, 0)",51,23.39733333333335,14.461548328399658
"lane reversed at (4843821515, 4843821516, 0)",51,23.203000000000014,14.773923635482788
"lane added at (541838077, 8841353743, 0)",51,22.28666666666666,15.081019163131714
"lane added at (4843821514, 4843821515, 0)",51,22.799666666666678,15.386646032333374
"lane removed at (541838338, 542607339, 0)",51,23.442666666666653,16.528167724609375
"lane reversed at (876375228, 4843821513, 0)",51,22.554333333333354,16.848894834518433
"lane removed at (542080261, 541838077, 0)",51,22.547000000000015,17.154107332229614
"lane removed at (10608526941, 3603873259, 0)",51,22.730000000000008,17.48087215423584
"lane reversed at (542538468, 10608526941, 0)",51,23.628000000000014,17.811803340911865
"lane removed at (542607597, 1424636458, 0)",51,23.831333333333344,18.13773536682129
"lane added at (4175137733, 10580484194, 0)",51,22.827666666666683,18.467395305633545
"lane reversed at (4843821516, 4843821515, 0)",51,23.165999999999993,19.067534685134888
"lane added at (541838315, 541838306, 0)",51,23.978000000000016,19.37706160545349
"lane removed at (541838306, 541838389, 0)",51,23.803333333333338,19.975321054458618
"lane added at (5902767415, 1992587306, 0)",51,22.957666666666682,20.581305742263794
"lane reversed at (542607339, 541838351, 0)",51,19.13866666666667,20.90695834159851
"lane added at (2608953058, 542607588, 0)",51,18.49933333333335,21.287463188171387
"lane removed at (542607588, 542607597, 0)",51,18.687333333333335,22.040456295013428
"lane reversed at (1992587306, 542607339, 0)",51,18.869000000000014,22.45752477645874
"lane reversed at (541838351, 542607339, 0)",51,18.274666666666665,23.232886791229248
"lane added at (542607597, 1424636458, 0)",51,18.196666666666662,24.026741981506348
"lane removed at (4175137733, 10580484194, 0)",51,17.80566666666667,24.81749725341797
"lane reversed at (541838338, 541838351, 0)",51,17.798666666666666,25.22630763053894
"lane removed at (542607597, 876375228, 0)",51,18.058333333333337,25.63163471221924
"lane added at (541838315, 541838333, 0)",51,18.545,26.050899982452393
"lane removed at (541838109, 541838255, 0)",51,17.818666666666655,26.47700023651123
"lane added at (7571747348, 1424636458, 0)",51,18.297333333333338,26.9116952419281
"lane added at (541838077, 8841353743, 0)",51,18.039666666666676,27.32223081588745
"lane added at (541838389, 542655556, 0)",51,18.454999999999995,27.725940942764282
"lane removed at (541838356, 8841353743, 0)",51,18.268666666666675,28.139179944992065
"lane removed at (542396848, 542080382, 0)",51,17.89466666666666,28.859896659851074
"lane removed at (542607339, 1992587306, 0)",51,18.598333333333326,29.239802360534668
"lane added at (542607339, 1992587306, 0)",51,18.065000000000012,30.358168363571167
"lane removed at (542080261, 542080382, 0)",51,18.244666666666667,31.108150959014893
"lane removed at (6426946701, 542395697, 0)",51,18.63666666666666,31.520256996154785
"lane added at (6426946701, 542395697, 0)",51,18.363666666666667,31.949910640716553
"lane removed at (542080261, 542080382, 0)",51,18.39433333333332,32.35658383369446
"lane removed at (3603873259, 542538468, 0)",51,18.279999999999998,33.51675033569336
"lane reversed at (7571747348, 7571747349, 0)",51,18.154666666666664,33.927600622177124
"lane removed at (542607597, 542607588, 0)",51,17.830666666666662,34.38123607635498
"lane added at (7590821846, 7590821850, 0)",2017,308.4426666666666,12149.821486234665
"lane reversed at (553411188, 553411195, 0)",2017,307.63466666666665,2079.5810561180115
"lane removed at (1448453856, 2634890164, 0)",2017,304.8506666666668,12321.50197649002
"lane reversed at (1381939300, 1381939314, 0)",2017,307.1426666666667,2250.851973772049
"lane added at (874899977, 2051151975, 0)",2017,302.38300000000004,12492.59744477272
"lane added at (541838389, 541838306, 0)",2017,308.4943333333332,2423.5917298793793
"lane reversed at (7541639443, 7541639468, 0)",2017,306.71933333333334,12661.176910877228
"lane reversed at (1448393830, 1448393888, 0)",2017,308.69833333333327,2597.4245376586914
"lane removed at (1816868301, 1700539611, 0)",2017,308.68499999999995,12829.96229505539
"lane reversed at (2292502745, 2292506757, 0)",2017,304.29966666666667,2770.0853860378265
"lane removed at (865711373, 876374740, 0)",2017,313.2549999999998,13000.236107826233
"lane added at (1401689818, 1153466248, 0)",2017,310.1203333333335,2941.3039033412933
"lane added at (419484846, 6852835750, 0)",2017,310.7076666666668,13169.637157678604
"lane reversed at (7541817086, 7541794184, 0)",2017,305.1266666666666,3112.241535425186
"lane reversed at (909513880, 4483161890, 0)",2017,307.83666666666664,13342.087164878845
"lane added at (8835175144, 6208950942, 0)",2017,312.38666666666666,3285.134346008301
"lane removed at (7581279107, 7581279113, 0)",2017,310.5963333333334,13514.232426643372
"lane removed at (1741003967, 1741003969, 0)",2017,308.5440000000001,3460.1598768234253
"lane added at (1153474402, 8666707276, 0)",2017,312.2813333333335,3633.9569568634033
"lane reversed at (1649117763, 1649117780, 0)",2017,311.8446666666668,13855.624855041504
"lane added at (972596315, 2534401251, 0)",2017,307.95799999999997,3805.9254565238953
"lane reversed at (7569883601, 7569883598, 0)",2017,308.8943333333333,14025.636032819748
"lane added at (1428539434, 1012560181, 0)",2017,307.82933333333347,3978.118152856827
"lane removed at (1712251886, 1446780887, 0)",2017,312.05433333333355,14197.749309301376
"lane reversed at (7590949153, 7590949143, 0)",2017,306.45500000000027,4148.327223539352
"lane added at (7590949143, 2292502748, 0)",2017,314.2049999999997,14371.109554767609
"lane reversed at (8784673513, 8784673509, 0)",2017,309.6109999999997,4318.147148370743
"lane reversed at (1735673778, 1411725536, 0)",2017,313.8223333333333,14544.09121966362
"lane removed at (1492870617, 1547095618, 0)",2017,302.2310000000001,4489.131354093552
"lane removed at (419484827, 1153383903, 0)",2017,307.1790000000002,14715.725381612778
"lane removed at (5816300380, 6228462732, 0)",2017,309.1760000000001,4662.909712076187
"lane added at (2407054834, 865711359, 0)",2017,308.7926666666667,14886.710236310959
"lane added at (6524994869, 1457971676, 0)",2017,313.6623333333332,4837.314675807953
"lane reversed at (1171175109, 1171175164, 0)",2017,309.01966666666664,15057.692241668701
"lane removed at (2288496959, 874900189, 0)",2017,309.43200000000024,5007.826460123062
"lane added at (7597337926, 8987414771, 0)",2017,310.8970000000002,15228.22542309761
"lane removed at (1171100807, 1559405787, 0)",2017,307.3066666666669,5179.873510837555
"lane removed at (1438403560, 1868503885, 0)",2017,308.89133333333353,15397.280951976776
"lane added at (1446775089, 1547095647, 0)",2017,310.056,5351.607349872589
"lane removed at (1029552890, 1029552878, 0)",2017,313.03566666666666,15568.319432735443
"lane reversed at (553470491, 1446780865, 0)",2017,307.84599999999983,5521.964150667191
"lane removed at (553471285, 6482455352, 0)",2017,303.91633333333334,15740.379943609238
"lane reversed at (1446977476, 7569883612, 0)",2017,304.6636666666666,5694.56686091423
"lane added at (1559394710, 1559220012, 0)",2017,304.1973333333333,15912.534950017929
"lane added at (1433190378, 1422946487, 0)",2017,309.3056666666666,5869.9817678928375
"lane reversed at (5301708623, 3084757114, 0)",2017,309.8729999999998,16081.55245256424
"lane removed at (1448454036, 1446977448, 0)",2017,313.61599999999964,6042.197443962097
"lane added at (1454993653, 1547149562, 0)",2017,308.98566666666653,16254.15806388855
"lane added at (1531137689, 1531137701, 0)",2017,307.48733333333325,6212.471115112305
"lane removed at (871604838, 1376112291, 0)",2017,309.0746666666668,16424.21844315529
"lane removed at (1609339393, 10580486940, 0)",2017,308.7096666666666,6383.068621873856
"lane reversed at (7579093727, 7579093732, 0)",2017,308.31233333333336,16594.10363674164
"lane reversed at (1457971676, 1457971561, 0)",2017,313.3996666666668,6554.244414567947
"lane reversed at (1124830302, 1120498247, 0)",2017,314.9416666666666,16765.390020370483
"lane added at (2143188544, 7597337926, 0)",2017,311.8113333333335,6726.497236251831
"lane removed at (1547149663, 1547149594, 0)",2017,311.6120000000001,16937.339810609818
"lane reversed at (7597337926, 7597337929, 0)",2017,309.74433333333326,6901.849606990814
"lane reversed at (1254099638, 1254099597, 0)",2017,307.4880000000001,17108.444972991943
"lane added at (1376112349, 1376112375, 0)",2017,306.2050000000001,7074.776452302933
"lane added at (2051151969, 2051152082, 0)",2017,307.29400000000015,17277.95997595787
"lane added at (1153417684, 1735673736, 0)",2017,306.3559999999998,7247.007389307022
"lane removed at (2298986262, 2298986256, 0)",2017,308.9756666666667,17449.65801334381
"lane added at (5816300380, 5816300378, 1)",2017,309.81833333333344,7418.807853460312
"lane added at (1171175206, 1698665612, 0)",2017,309.74533333333324,17621.21596121788
"lane removed at (1559442342, 972596315, 0)",2017,306.04800000000023,7590.451791763306
"lane removed at (1559132532, 865711547, 0)",2017,299.8299999999999,17791.932068109512
"lane added at (5816300380, 5816300378, 1)",2017,305.10033333333314,7762.899627923965
"lane reversed at (1446977426, 1446977412, 0)",2017,313.281,17960.696161985397
"lane added at (447309284, 1014984942, 0)",2017,305.94199999999995,7935.650374889374
"lane added at (1120498197, 7535489942, 0)",2017,304.73766666666666,18131.565649032593
"lane removed at (1473388437, 1145572058, 0)",2017,307.6179999999998,8108.397509098053
"lane added at (2051151975, 874899977, 0)",2017,310.3400000000001,18300.534484148026
"lane added at (412417385, 447309284, 0)",2017,308.049,8282.447263479233
"lane reversed at (4843821515, 4843821514, 0)",2017,307.0193333333334,18472.82523036003
"lane removed at (1120498280, 1120498175, 0)",2017,309.78066666666655,8454.512216806412
"lane added at (874900032, 2051152017, 0)",2017,312.59866666666653,18643.476382017136
"lane removed at (2406454761, 412414654, 0)",2017,305.231666666667,8626.605728149414
"lane reversed at (1422946512, 1438403617, 0)",2017,309.1459999999999,18812.37512731552
"lane removed at (4160021377, 4160021375, 0)",2017,309.9113333333331,8797.816097021103
"lane removed at (1457918830, 1457918872, 0)",2017,305.8703333333333,18982.45427298546
"lane added at (1457971561, 1457971527, 0)",2017,308.0379999999999,8968.29316496849
"lane reversed at (1531137618, 1531137644, 0)",2017,308.4293333333333,19154.373267650604
"lane reversed at (1014984979, 412423746, 0)",2017,305.2916666666668,9142.679058551788
"lane added at (1446977429, 1446977411, 0)",2017,306.2743333333332,19323.315356969833
"lane removed at (1831603410, 926014476, 0)",2017,303.85000000000053,9317.175285816193
"lane added at (6570374049, 6570374047, 0)",2017,306.10233333333326,19492.917240142822
"lane reversed at (1381939306, 9039047735, 0)",2017,303.88700000000017,9489.636764764786
"lane removed at (1447428231, 1447428223, 0)",2017,308.6659999999999,19663.5842359066
"lane reversed at (2308131799, 7593879520, 0)",2017,311.1116666666665,9661.709691762924
"lane removed at (1124830349, 1124830316, 0)",2017,310.9886666666665,19834.376083374023
"lane reversed at (553411646, 1111342918, 0)",2017,308.4906666666667,9831.991683483124
"lane removed at (2292502765, 7590821871, 0)",2017,305.34233333333344,20003.209510326385
"lane removed at (1705637773, 1705637774, 0)",2017,313.381,10004.155954360962
"lane added at (1862781357, 1493498142, 0)",2017,309.1246666666666,20174.730813503265
"lane reversed at (7564231959, 1559132598, 0)",2017,309.24400000000026,10177.672177314758
"lane removed at (2954473489, 2954473493, 0)",2017,310.7633333333333,20347.066259384155
"lane removed at (7148703840, 1124830302, 0)",2017,308.18800000000016,10353.43439745903
"lane removed at (1457971676, 6524994869, 0)",2017,306.0193333333334,20519.324227809906
"lane removed at (1698665609, 865711659, 0)",2017,311.1736666666667,10527.652182340622
"lane added at (1447428215, 9029351520, 0)",2017,311.87899999999996,20689.77242922783
"lane reversed at (972596304, 972596305, 0)",2017,308.1690000000002,10701.241806983948
"lane reversed at (1547095629, 442637849, 0)",2017,308.72299999999996,20860.956914663315
"lane reversed at (1457971436, 1457971529, 0)",2017,311.181,10874.110165834427
"lane reversed at (1554347777, 1554348192, 0)",2017,314.23666666666674,21032.358325242996
"lane removed at (3816384093, 3188422087, 0)",2017,308.3563333333332,21203.58548974991
"lane removed at (1972253909, 1376692402, 0)",2017,309.57933333333324,11217.825135707855
"lane reversed at (1448453955, 7520832387, 0)",2017,306.9726666666668,21372.456422567368
"lane added at (8921344557, 1454993717, 0)",2017,309.8723333333333,11388.423184871674
"lane reversed at (553411979, 412427207, 0)",2017,310.98099999999994,21540.19776582718
"lane reversed at (1448393836, 1448393675, 0)",2017,302.9503333333332,11560.106160879135
"lane reversed at (1454608437, 1547149605, 0)",2017,302.8386666666667,21711.392246961594
"lane reversed at (1254208419, 1254208565, 0)",2017,308.383,11733.012978315353
"lane reversed at (1457918666, 7571408526, 0)",2017,304.3413333333335,21878.62087583542
"lane reversed at (2051152113, 2051152090, 0)",2017,302.8323333333334,11907.13847398758
"lane removed at (2472996650, 1635167006, 0)",2017,308.88100000000003,22046.229264497757
"lane reversed at (1741003915, 8784221476, 0)",2017,310.16866666666687,12080.455540180206
"lane reversed at (1559394704, 6434733053, 0)",2017,310.92100000000016,22215.50721025467
"lane removed at (1447434759, 1559219906, 0)",2017,312.06333333333305,12254.898430585861
"lane reversed at (1547149566, 1547149630, 0)",2017,309.8300000000002,22383.962732315063
Status,Ending Time
None,22384.78714442253
Adress,Radius,Budget,Tabu List's Max Size
"Rua Roberto Sampaio Gonzaga, Florianópolis, Brazil",4500,130000,20
Operation,Number of Nodes,Value,Time
"lane added at (1531137599, 7524521256, 0)",2017,305.9946666666665,12427.175467729568
"lane added at (1345751667, 1345751669, 0)",2017,308.7273333333331,172.89715266227722
"lane removed at (1457971561, 1457971527, 0)",2017,314.9290000000001,12598.373913764954
"lane added at (2308131799, 7593879520, 0)",2017,309.64766666666696,345.35745906829834
"lane removed at (1635167042, 2472996650, 0)",2017,315.90833333333336,12772.567164897919
"lane added at (1559405772, 1559405766, 0)",2017,314.5923333333334,517.1790683269501
"lane added at (1446977476, 7569883671, 0)",2017,312.68166666666673,12946.707496404648
"lane added at (1559238475, 1448393716, 0)",2017,309.99433333333326,690.3044354915619
"lane removed at (1438403626, 1422946491, 0)",2017,309.2086666666669,13119.67047572136
"lane removed at (1972253909, 412095822, 0)",2017,306.43199999999996,863.656192779541
"lane removed at (865711660, 865711705, 0)",2017,312.9853333333331,13290.876293182373
"lane reversed at (542080382, 542396848, 0)",2017,307.52566666666644,1035.2641069889069
"lane added at (1201784385, 1553815363, 0)",2017,311.65833333333336,13461.416702747345
"lane removed at (1741003967, 1741003969, 0)",2017,303.6490000000001,1206.837301492691
"lane reversed at (3412796202, 1425790437, 0)",2017,311.8810000000001,13633.380608081818
"lane added at (1454608424, 1454608416, 0)",2017,307.6446666666668,1376.4521038532257
"lane removed at (1554348533, 1554348192, 0)",2017,311.01866666666655,13803.414246797562
"lane added at (2609358730, 7524823994, 0)",2017,297.32966666666664,1545.7969152927399
"lane added at (1559394734, 1447415921, 0)",2017,305.9816666666667,1717.6436176300049
"lane reversed at (1445833475, 1171100777, 0)",2017,308.6666666666668,1891.4459109306335
"lane reversed at (8979538443, 8979538452, 0)",2017,305.74433333333343,2064.6518840789795
"lane reversed at (1421417682, 7574381745, 0)",2017,304.53633333333323,2236.4875605106354
"lane reversed at (412093022, 412104547, 0)",2017,311.14000000000016,2407.430507659912
"lane removed at (7148703864, 1120498270, 0)",2017,306.8086666666667,2578.423937559128
"lane removed at (1120498239, 1012560195, 0)",2017,308.4213333333336,2748.025729894638
"lane reversed at (1120498160, 1120498295, 0)",2017,312.7383333333334,15183.715192317963
"lane added at (3574832161, 3574832141, 0)",2017,303.9893333333333,2917.684427022934
"lane removed at (553470874, 1559394796, 0)",2017,304.0540000000001,3090.7858612537384
"lane removed at (1683182841, 1762758324, 0)",2017,307.5153333333335,15532.05453300476
"lane removed at (1554348067, 9966028881, 0)",2017,313.3393333333335,3263.335901737213
"lane removed at (1611714092, 1153466252, 0)",2017,310.1563333333335,15707.04947590828
"lane removed at (1422633039, 1422633055, 0)",2017,311.2906666666666,3435.61008477211
"lane reversed at (1446977429, 1446977423, 0)",2017,303.492,15880.377878665924
"lane reversed at (1454993618, 1547149666, 0)",2017,310.19199999999995,3605.9450676441193
"lane removed at (1749056083, 1749056096, 0)",2017,309.12633333333343,16055.961833238602
"lane removed at (1447434754, 1447434749, 0)",2017,305.91299999999995,3776.1306002140045
"lane removed at (1447428221, 1559219963, 0)",2017,311.14999999999986,16230.132634878159
"lane removed at (419485100, 419485102, 0)",2017,310.12600000000003,3947.3956842422485
"lane removed at (1251983255, 1336181611, 0)",2017,309.95599999999996,16405.97470998764
"lane added at (1120498264, 1120498198, 0)",2017,309.41433333333305,4119.497504234314
"lane removed at (1559405772, 1559405766, 0)",2017,309.08566666666644,16577.044376850128
"lane added at (1445841189, 1448024655, 0)",2017,310.6946666666667,4291.236186027527
"lane reversed at (2051152058, 2051152101, 0)",2017,313.6813333333333,16749.18388581276
"lane reversed at (542396848, 542396219, 0)",2017,313.253333333333,4464.987773895264
"lane removed at (1460125798, 1547149722, 0)",2017,308.35766666666643,16925.363684654236
"lane added at (412435936, 1336186438, 0)",2017,310.77366666666677,4634.678324222565
"lane reversed at (1145593802, 1145593766, 0)",2017,307.49166666666645,17100.81161046028
"lane removed at (7569883712, 7564308652, 0)",2017,309.6800000000003,4804.363674163818
"lane removed at (1446977424, 1446977423, 0)",2017,311.6720000000002,17272.666164159775
"lane added at (7597337926, 7597337929, 0)",2017,310.0693333333337,4973.606716871262
"lane removed at (412464696, 1251983272, 0)",2017,310.20900000000006,17445.812759399414
"lane added at (442141765, 442141685, 0)",2017,311.67733333333325,5144.500566244125
"lane reversed at (865711367, 2407054834, 0)",2017,315.2566666666666,5317.209543943405
"lane added at (2292506749, 2292522984, 0)",2017,310.019,17621.633597373962
"lane removed at (1553815378, 1553815409, 0)",2017,308.94366666666633,5489.000706911087
"lane removed at (1254208345, 2327509001, 0)",2017,312.37800000000004,17795.722080230713
"lane removed at (1383257095, 1145593766, 0)",2017,309.61766666666693,17966.83396911621
"lane reversed at (7579093705, 7579093689, 0)",2017,312.4269999999998,5831.080662250519
"lane reversed at (553470981, 553471295, 0)",2017,313.1436666666668,18139.242265701294
"lane reversed at (6570374047, 6570374049, 0)",2017,301.23433333333344,6001.14980006218
"lane added at (1120498248, 1120498309, 0)",2017,310.70533333333333,18313.166382551193
"lane added at (1741003964, 1596116436, 0)",2017,307.339,6171.6673748493195
"lane reversed at (3954428514, 869444500, 0)",2017,312.3436666666667,18485.74021077156
"lane added at (1457918689, 1458040350, 0)",2017,307.64299999999974,6344.527209281921
"lane reversed at (412093004, 1029552873, 0)",2017,306.02133333333296,18656.784777641296
"lane removed at (1547149566, 1455124386, 0)",2017,311.2926666666666,6517.551338434219
"lane removed at (7581279138, 1455124336, 0)",2017,311.4396666666665,18826.344784021378
"lane added at (1531137644, 1531137618, 0)",2017,313.8316666666665,6689.676997661591
"lane reversed at (1145593741, 1381970871, 0)",2017,307.593,18999.106612205505
"lane removed at (1547149594, 1547149599, 0)",2017,308.0016666666668,6860.487892627716
"lane added at (1547095630, 3183018742, 0)",2017,312.418,19170.19009065628
"lane removed at (8585720373, 8581517439, 0)",2017,309.2346666666668,7030.614173173904
"lane removed at (861291484, 2380723449, 0)",2017,309.99199999999985,19341.67542743683
"lane reversed at (1145593778, 1145593776, 0)",2017,315.09866666666665,7199.337564706802
"lane reversed at (1124830408, 7573576732, 0)",2017,311.7773333333334,19512.954477071762
"lane reversed at (1609339393, 10580486940, 0)",2017,313.3000000000001,7368.588080883026
"lane reversed at (2975050948, 1749056101, 0)",2017,306.7876666666664,19685.15829896927
"lane added at (1153417684, 3345762808, 0)",2017,314.26933333333307,7539.318879127502
"lane added at (7579093610, 7579093611, 0)",2017,311.4223333333333,19855.638142824173
"lane removed at (2308131799, 869444358, 0)",2017,307.59200000000004,7711.928898334503
"lane removed at (1120498160, 1120498155, 0)",2017,307.7133333333335,20022.090470790863
"lane added at (915079573, 2955650299, 0)",2017,310.8043333333333,7885.395884513855
"lane removed at (6570374049, 6570374047, 0)",2017,309.33933333333357,20190.675881147385
"lane reversed at (1741003829, 1029553049, 0)",2017,308.85333333333347,8056.616249799728
"lane removed at (1559405787, 1171100801, 0)",2017,308.4436666666664,20360.014350414276
"lane reversed at (1762744005, 1762744000, 0)",2017,311.9070000000001,20527.844856739044
"lane removed at (542655556, 541838306, 0)",2017,307.306,8227.03047990799
"lane added at (2051152113, 2051151806, 0)",2017,315.4453333333334,20694.042112350464
"lane added at (1448453857, 1559220089, 0)",2017,307.7576666666668,8396.199656963348
"lane added at (8778258700, 8778258700, 0)",2017,305.2463333333333,20862.22638320923
"lane added at (1424653172, 1012560185, 0)",2017,312.19199999999995,8566.371304988861
"lane reversed at (1559394723, 1559394731, 0)",2017,306.827,21034.003138303757
"lane removed at (1816868301, 1700539611, 0)",2017,310.99033333333324,8737.917819738388
"lane added at (412437541, 412461942, 0)",2017,308.7913333333334,21204.250014305115
"lane added at (1454993624, 874900213, 0)",2017,311.81433333333337,8910.257760047913
"lane removed at (553411188, 1153383974, 0)",2017,315.1353333333333,21370.36367917061
"lane added at (1376112349, 1376112375, 0)",2017,310.2910000000001,9082.75006532669
"lane removed at (1559219971, 1448354494, 0)",2017,312.2956666666666,21538.731278419495
"lane reversed at (7541817097, 7541817094, 0)",2017,309.51066666666674,9252.776245355606
"lane reversed at (869444358, 869444614, 0)",2017,304.745,21707.512276649475
"lane added at (1457971676, 1457971561, 0)",2017,312.17866666666674,9422.710812568665
"lane removed at (1635167006, 2472996650, 0)",2017,313.6876666666669,21877.20193219185
"lane removed at (1559394746, 1559394751, 0)",2017,312.83733333333333,9591.191821336746
"lane reversed at (1120498153, 1698665611, 0)",2017,313.2356666666667,9761.531375646591
"lane reversed at (3412796202, 1425790462, 0)",2017,315.8249999999999,22212.734852313995
"lane removed at (1712251940, 1559394679, 0)",2017,307.3433333333333,9932.501260757446
"lane removed at (1425790462, 7575438234, 0)",2017,311.4133333333333,22384.088129520416
"lane reversed at (1831603411, 7599086250, 0)",2017,312.8593333333333,10104.868380784988
"lane removed at (1559405785, 1492870695, 0)",2017,311.10933333333355,22552.90770959854
"lane removed at (906203520, 917160836, 0)",2017,310.7276666666667,10276.615551233292
"lane reversed at (1433190384, 865711288, 0)",2017,314.57133333333314,22722.749518871307
"lane removed at (1559394706, 1559394776, 0)",2017,308.39366666666666,10445.97453713417
"lane reversed at (1559220086, 1448454036, 0)",2017,314.6766666666665,22892.23922586441
"lane added at (1254208565, 1254208273, 0)",2017,304.0766666666666,10614.994139671326
"lane added at (1457918666, 7571408526, 0)",2017,316.10099999999983,23062.73561000824
"lane added at (1700539611, 1700539610, 0)",2017,309.4573333333335,10784.352680921555
"lane added at (1447428225, 1447428219, 0)",2017,310.4743333333333,23231.87600827217
"lane removed at (542396390, 3603873259, 0)",2017,313.32566666666656,10954.818162679672
"lane removed at (1531132018, 1531132023, 0)",2017,311.2499999999999,23402.28475022316
"lane removed at (1741003803, 1741003816, 0)",2017,315.4303333333332,11124.366668701172
"lane removed at (872980891, 1422946505, 0)",2017,307.3433333333334,23570.414894104004
"lane added at (4439609389, 1376112295, 0)",2017,312.47433333333345,11296.470992088318
"lane reversed at (553470531, 553470538, 0)",2017,316.8346666666668,23736.55260682106
Status,Ending Time
None,23737.340640068054
Adress,Radius,Budget,Tabu List's Max Size
"Rua Roberto Sampaio Gonzaga, Florianópolis, Brazil",4500,80000,40
Operation,Number of Nodes,Value,Time
"lane removed at (1153417684, 1735673736, 0)",2017,316.68533333333346,11469.10718178749
"lane removed at (412442456, 863981628, 0)",2017,309.9253333333335,173.773277759552
"lane reversed at (7579093611, 7579093610, 0)",2017,310.40300000000013,11641.506462574005
"lane added at (1120498147, 1401689818, 0)",2017,306.5019999999997,346.2593767642975
"lane removed at (7535501345, 7535501341, 0)",2017,310.9280000000001,11810.909170627594
"lane added at (1145593750, 1705637772, 0)",2017,313.31500000000005,520.1260976791382
"lane removed at (1446977474, 1461590653, 0)",2017,312.4846666666664,11980.618504285812
"lane removed at (863981684, 1381939314, 0)",2017,301.6670000000001,693.2545993328094
"lane added at (869444344, 1641842407, 0)",2017,309.33933333333346,12151.564332008362
"lane reversed at (1171175137, 1171175201, 0)",2017,313.9559999999999,864.9491357803345
"lane added at (1401689807, 1401689818, 0)",2017,313.78900000000004,12324.112405776978
"lane reversed at (1254208574, 876374701, 0)",2017,310.25900000000007,1036.0241584777832
"lane added at (1559405772, 1559405766, 0)",2017,307.01366666666667,12497.158291578293
"lane removed at (1153375472, 1201355453, 0)",2017,307.55833333333334,1207.8769681453705
"lane reversed at (1171100815, 1448354499, 0)",2017,311.2476666666667,12668.802111148834
"lane reversed at (6456322199, 6332414695, 0)",2017,311.89899999999983,1378.6105692386627
"lane reversed at (1445841189, 1448024653, 0)",2017,307.30766666666636,12837.94131565094
"lane added at (1457971628, 7561188606, 0)",2017,308.2956666666669,1553.906679391861
"lane reversed at (553324147, 553324327, 0)",2017,312.55733333333336,13006.411961078644
"lane added at (1738827794, 972596294, 0)",2017,312.6759999999998,1727.6963999271393
"lane added at (908806849, 908806891, 0)",2017,315.53733333333344,13175.319198608398
"lane removed at (1641842426, 1641842370, 0)",2017,312.4533333333333,1899.6033954620361
"lane added at (2211885286, 2211885294, 0)",2017,311.48033333333314,13344.300496816635
"lane removed at (1420498881, 8874924560, 0)",2017,309.6243333333332,2071.3243060112
"lane reversed at (7774320103, 2296911610, 0)",2017,304.733333333333,13513.395437002182
"lane added at (8831469896, 1641842411, 0)",2017,311.97866666666687,2243.4224309921265
"lane removed at (1559442331, 1559442337, 0)",2017,308.76933333333346,13686.00716471672
"lane reversed at (1120498234, 1120498185, 0)",2017,308.8259999999998,2414.199402332306
"lane added at (7581279129, 7581279134, 0)",2017,309.61133333333333,13860.56787276268
"lane removed at (1448393833, 1559220000, 0)",2017,297.1310000000001,2584.5969161987305
"lane reversed at (8776382830, 2051152022, 0)",2017,311.50466666666694,14032.979344844818
"lane reversed at (1458040351, 1422946524, 0)",2017,310.04133333333345,2760.1116721630096
"lane added at (1376683375, 1374207944, 0)",2017,308.8363333333334,14203.427832841873
"lane added at (865711761, 6208670836, 0)",2017,303.6123333333333,2934.4678642749786
"lane reversed at (1422633055, 1422633039, 0)",2017,304.51499999999993,14372.20689368248
"lane reversed at (1547095627, 1171100782, 0)",2017,312.97633333333346,14541.725303173065
"lane reversed at (2143188535, 2143188550, 0)",2017,308.82233333333323,3106.2647120952606
"lane reversed at (412104547, 412093022, 0)",2017,309.5623333333332,14712.23324561119
"lane removed at (2051151955, 2051151962, 0)",2017,309.1440000000001,3278.4255356788635
"lane added at (8654152090, 1422633039, 0)",2017,308.76766666666634,14883.396524906158
"lane removed at (3910781061, 1425796982, 0)",2017,304.07299999999975,3448.695333480835
"lane removed at (1153474509, 1427147583, 0)",2017,312.18299999999977,15053.772528648376
"lane reversed at (7575438359, 4543810602, 0)",2017,310.48066666666665,3618.815885782242
"lane added at (1446780865, 1559220065, 0)",2017,310.97066666666683,15224.951318740845
"lane added at (874900032, 1029552941, 0)",2017,298.44433333333325,3791.956265449524
"lane removed at (1457918876, 1422946499, 0)",2017,307.8969999999998,15394.941890954971
"lane reversed at (1457918702, 1528034275, 0)",2017,309.23266666666655,3965.881274700165
"lane reversed at (1446977474, 3198776641, 0)",2017,311.5606666666668,15563.084413290024
"lane added at (863981684, 863981702, 0)",2017,308.801,4140.7003262043
"lane added at (1433191572, 1433191571, 0)",2017,304.65866666666653,15730.507738113403
"lane added at (1201784388, 7535489976, 0)",2017,308.39900000000006,4313.618313789368
"lane reversed at (1554348364, 1554348533, 0)",2017,313.50533333333357,15899.015778303146
"lane reversed at (7523209940, 1738827776, 0)",2017,302.29866666666646,4484.488895893097
"lane added at (2296911594, 906203520, 0)",2017,306.4006666666666,16069.877722501755
"lane added at (1029552941, 1029552850, 0)",2017,300.4933333333335,4654.872637271881
"lane removed at (6332414695, 1559451128, 0)",2017,310.9646666666667,16241.150967597961
"lane removed at (1559220012, 1447428226, 0)",2017,315.68300000000016,4826.2078332901
"lane added at (553470981, 553471014, 0)",2017,308.2270000000003,16411.748167037964
"lane reversed at (7535501341, 7535501334, 0)",2017,306.8193333333333,4999.980285406113
"lane added at (6765275349, 6765275350, 0)",2017,302.0263333333333,16581.864109277725
"lane reversed at (1120498219, 1120498281, 0)",2017,314.31433333333337,5176.911938905716
"lane removed at (1120498185, 1120498234, 0)",2017,312.53399999999993,16750.727129220963
"lane added at (553470981, 553471014, 0)",2017,307.229,5349.275398015976
"lane removed at (1254208574, 876374949, 0)",2017,303.87433333333337,16918.1480550766
"lane removed at (2407054981, 1749056101, 0)",2017,306.4546666666668,5520.780583620071
"lane reversed at (1014927274, 2406454761, 0)",2017,312.15066666666667,17087.336809635162
"lane reversed at (7148703838, 7148703860, 0)",2017,310.25800000000015,5691.7268488407135
"lane reversed at (1447398395, 1447359348, 0)",2017,308.4110000000004,17256.66178560257
"lane added at (1120498201, 7148703854, 0)",2017,309.4973333333332,5862.042223453522
"lane added at (1454608431, 1454608416, 0)",2017,309.5106666666668,17430.201766967773
"lane added at (2296911604, 5158084789, 0)",2017,304.7343333333334,6032.319690465927
"lane added at (1171100805, 1547095618, 0)",2017,305.0423333333332,17602.191072940826
"lane reversed at (865711288, 1383273730, 0)",2017,311.0269999999999,6207.499094486237
"lane removed at (1455124470, 7581279138, 0)",2017,307.7783333333334,17772.751177310944
"lane added at (1741003859, 1741003803, 0)",2017,308.74033333333335,6382.760986089706
"lane removed at (8979538443, 90200668, 0)",2017,303.3060000000002,17941.911152601242
"lane removed at (1741003803, 1741003816, 0)",2017,310.66666666666663,6554.488173007965
"lane removed at (8921344557, 1376112291, 0)",2017,308.7166666666667,18110.72722005844
"lane removed at (2051151962, 2051151848, 0)",2017,310.4059999999999,6725.06014418602
"lane reversed at (1387647560, 926014578, 0)",2017,303.8176666666664,18280.37347483635
"lane removed at (8860082235, 872980891, 0)",2017,310.36566666666647,6895.664037704468
"lane reversed at (1014927274, 1559442331, 0)",2017,313.22099999999995,18450.942395925522
"lane added at (1554348067, 869444662, 0)",2017,309.6719999999999,7066.745954990387
"lane removed at (8982461365, 1461558684, 0)",2017,306.9756666666666,18622.684398651123
"lane added at (915806815, 903703195, 0)",2017,311.6633333333336,7238.51121711731
"lane reversed at (1424653172, 8674757061, 0)",2017,308.1763333333334,18794.22968029976
"lane removed at (5549355137, 2051151830, 0)",2017,305.4893333333334,7414.501534461975
"lane removed at (1453341802, 1376683376, 0)",2017,311.05,18965.13163948059
"lane reversed at (7550050956, 7550050957, 0)",2017,313.41166666666663,7588.281868934631
"lane added at (1547149605, 1454608437, 0)",2017,312.93533333333323,19137.75172305107
"lane removed at (1425796982, 3910781061, 0)",2017,307.43433333333354,7761.583381175995
"lane reversed at (2292521591, 2292521593, 0)",2017,306.63399999999996,19305.88411307335
"lane added at (1547149566, 1547149722, 0)",2017,313.297,7935.079900741577
"lane removed at (1749056096, 1749056083, 0)",2017,306.5560000000002,19474.40781402588
"lane removed at (1448354432, 4414699960, 0)",2017,309.0280000000001,8107.581971168518
"lane added at (412104539, 2387680307, 0)",2017,310.4163333333333,19646.59148454666
"lane removed at (1528034250, 1528034271, 0)",2017,304.63199999999995,8279.005089521408
"lane added at (1171175067, 1120498237, 0)",2017,313.88099999999974,19818.251527071
"lane added at (7563463431, 865711547, 0)",2017,309.83033333333344,8450.92118692398
"lane removed at (1641842370, 1641842374, 0)",2017,308.65866666666676,19988.704361200333
"lane added at (1422946497, 1422946518, 0)",2017,312.471333333333,8623.06887793541
"lane added at (1145593788, 1145593750, 0)",2017,313.22433333333356,20160.10893058777
"lane added at (917160834, 2296910731, 0)",2017,310.5130000000001,8796.115427970886
"lane added at (1457918882, 1422946523, 0)",2017,307.3386666666666,20328.82818198204
"lane reversed at (869444541, 3954428514, 0)",2017,309.5660000000001,8970.07588005066
"lane reversed at (1171175231, 1171175109, 0)",2017,307.50733333333335,20499.515921592712
"lane reversed at (869444255, 2140694074, 0)",2017,312.43966666666654,9146.743215084076
"lane reversed at (1457918870, 1422946507, 0)",2017,307.42733333333337,20669.31081366539
"lane removed at (1454608433, 1454608430, 0)",2017,311.49400000000014,9319.397750377655
"lane reversed at (1120498281, 1120498234, 0)",2017,311.9543333333333,20833.52871108055
"lane reversed at (1446977448, 1446977476, 0)",2017,309.3000000000003,9492.06042933464
"lane reversed at (2148206139, 553470531, 0)",2017,308.82133333333354,20998.736958265305
"lane added at (1448453932, 1559220089, 0)",2017,308.8573333333334,9663.985994577408
"lane added at (2947584172, 8926269349, 0)",2017,310.9163333333332,21167.95896267891
"lane removed at (6794162526, 1029552885, 0)",2017,308.1596666666668,9838.650490045547
"lane added at (874900238, 1454993624, 0)",2017,310.86833333333374,21335.867525815964
"lane reversed at (1447428223, 1447428231, 0)",2017,310.02533333333344,10013.720500707626
